"Timestamp","Please indicate your consent to participate in this study.  ","Course","Mode of Study","Which device do you primarily use for your daily activities?  ","On average, how many hours do you spend on digital devices daily?  ","What is the primary purpose of your screen usage? ","How many hours per day do you spend on attending online activities?  ","I experience eye strain after screen use.","I frequently experience headaches due to screen exposure.","These headaches affect my productivity or daily activities.  ","I find it difficult to focus on offline tasks after prolonged screen exposure.","I feel emotionally drained due to my academic workload.","I feel disconnected from my studies.","I feel stressed when thinking about assignments and deadlines.","I find it difficult to stay motivated towards my studies.","On average, how many hours of sleep do you get per day? ","How would you rate your sleep quality? ","How often do you use digital devices right before going to sleep? ","How would you rate your overall stress level?","What is your primary method for reducing digital fatigue? ","How effective do you find these methods in reducing fatigue?  ","How often do you take breaks while using digital devices?  ","Are you aware of the negative effects of prolonged screen time on mental and physical health?","On a scale of 1 to 10, how burnt out do you feel academically?  ","How often do you feel mentally exhausted due to your studies?  ","How would you rate your motivation towards academic work?  ","To what extent does digital fatigue affect your academic productivity?  ","What suggestions would you give to reduce digital fatigue and academic burnout among students?  ","Which of the following measures do you think would be most effective in reducing academic burnout? "
"2026/04/16 10:42:50 AM GMT+5:30","I voluntarily agree to participate in this survey and understand that my responses will be used only for academic analysis.","Postgraduate","Offline","Mobile Phone","More than 8 hours","Mixed usage","More than 4 hours","Disagree","Neutral","Neutral","Agree","Agree","Strongly Agree","Agree","Strongly agree","More than 8 hours","Good","Sometimes","3","Physical exercise","Somewhat Effective","Rarely / Never","Yes","7","Sometimes","3","To some extent","No ","Mental health support"
"2026/04/16 10:50:42 AM GMT+5:30","I voluntarily agree to participate in this survey and understand that my responses will be used only for academic analysis.","Postgraduate","Offline","Mobile Phone","2–4 hours","Mixed usage","1–2 hours","Agree","Disagree","Disagree","Neutral","Agree","Disagree","Agree","Agree","6–7 hours","Good","Often","4","Physical exercise","Very Effective","Every 30 minutes","Yes","8","Sometimes","3","Very little","Reduce screen time ,structured study plan with breaks and balance between using digital devices and studies.","Better time management guidance"
"2026/04/16 10:51:40 AM GMT+5:30","I voluntarily agree to participate in this survey and understand that my responses will be used only for academic analysis.","Postgraduate","Offline","Mobile Phone","2–4 hours","Online learning (classes, lectures)","1–2 hours","Agree","Agree","Agree","Agree","Agree","Disagree","Agree","Agree","6–7 hours","Good","Often","4","Physical exercise","Very Effective","Every 1 hour","Yes","4","Sometimes","2","To some extent","Limit screen time
Take regular breaks (e.g., Pomodoro technique)
Include more offline or physical activities
Maintain a proper sleep schedule
Exercise or practice meditation
Reduce social media usage","Reduced screen time in classes"
"2026/04/16 10:53:06 AM GMT+5:30","I voluntarily agree to participate in this survey and understand that my responses will be used only for academic analysis.","Postgraduate","Offline","Mobile Phone","4–6 hours","Mixed usage","Less than 1 hour","Agree","Agree","Agree","Agree","Neutral","Neutral","Agree","Strongly agree","6–7 hours","Average","Always","3","Taking regular breaks","Somewhat Effective","Occasionally","Yes","6","Sometimes","4","To some extent","","Mental health support"
"2026/04/16 10:55:24 AM GMT+5:30","I voluntarily agree to participate in this survey and understand that my responses will be used only for academic analysis.","Postgraduate","Offline","Mobile Phone","6–8 hours","Social media","1–2 hours","Strongly Agree","Agree","Strongly agree","Agree","Agree","Agree","Agree","Agree","Less than 5 hours","Average","Always","5","Engaging in offline activities","Somewhat Effective","Rarely / Never","Yes","8","Sometimes","2","To some extent","","Reduced screen time in classes"
"2026/04/16 10:56:04 AM GMT+5:30","I voluntarily agree to participate in this survey and understand that my responses will be used only for academic analysis.","Undergraduate","Offline","Mobile Phone","6–8 hours","Mixed usage","More than 4 hours","Agree","Agree","Agree","Agree","Neutral","Agree","Agree","Agree","6–7 hours","Average","Often","5","Engaging in offline activities","Somewhat Effective","Every 30 minutes","Yes","10","Sometimes","4","To a great extent","","Reduced screen time in classes"
"2026/04/16 10:56:09 AM GMT+5:30","I voluntarily agree to participate in this survey and understand that my responses will be used only for academic analysis.","Postgraduate","Offline","Mobile Phone","6–8 hours","Mixed usage","1–2 hours","Strongly Disagree","Disagree","Disagree","Neutral","Neutral","Neutral","Neutral","Neutral","6–7 hours","Good","Sometimes","2","Listening to music / entertainment","Somewhat Effective","Every 1 hour","Yes","5","Sometimes","3","Very little","","Mental health support"
"2026/04/16 11:44:40 AM GMT+5:30","I voluntarily agree to participate in this survey and understand that my responses will be used only for academic analysis.","Undergraduate","Offline","Mobile Phone","4–6 hours","Mixed usage","2–4 hours","Agree","Neutral","Neutral","Agree","Strongly Agree","Neutral","Neutral","Neutral","6–7 hours","Very Good","Often","3","Taking regular breaks","Very Effective","Every 1 hour","Yes","4","Sometimes","3","Not at all","","Awareness programs"
"2026/04/16 11:45:22 AM GMT+5:30","I voluntarily agree to participate in this survey and understand that my responses will be used only for academic analysis.","Undergraduate","Offline","Mobile Phone","4–6 hours","Mixed usage","1–2 hours","Disagree","Strongly Disagree","Strongly Disagree","Neutral","Neutral","Neutral","Agree","Neutral","5–6 hours","Good","Often","2","Physical exercise","Somewhat Effective","Occasionally","Yes","5","Sometimes","3","To some extent","","Flexible deadlines"
"2026/04/16 11:47:21 AM GMT+5:30","I voluntarily agree to participate in this survey and understand that my responses will be used only for academic analysis.","Undergraduate","Offline","Laptop","Less than 2 hours","Assignments / studying","Less than 1 hour","Neutral","Agree","Agree","Neutral","Agree","Strongly Agree","Strongly Agree","Strongly agree","5–6 hours","Poor","Often","5","Listening to music / entertainment","Somewhat Effective","Occasionally","Yes","9","Always","4","To some extent","Every time exams are near assignments are published to the students, it makes us difficulty to focus on one thing. If Assignments are not uploaded or done marks are not given

Do NOT GIVE ASSIGNMENTS SUBMISSION DURING EXAM SEASONS ","Flexible deadlines"
"2026/04/16 11:54:12 AM GMT+5:30","I voluntarily agree to participate in this survey and understand that my responses will be used only for academic analysis.","Undergraduate","Offline","Mobile Phone","4–6 hours","Entertainment (movies, gaming)","1–2 hours","Disagree","Disagree","Disagree","Disagree","Neutral","Strongly Agree","Neutral","Agree","Less than 5 hours","Poor","Always","1","Physical exercise","Very Effective","Rarely / Never","No","7","Rarely","3","To some extent","Play games specialy outdoor games ","Mental health support"
"2026/04/16 12:06:00 PM GMT+5:30","I voluntarily agree to participate in this survey and understand that my responses will be used only for academic analysis.","Undergraduate","Offline","Mobile Phone","6–8 hours","Entertainment (movies, gaming)","2–4 hours","Neutral","Neutral","Neutral","Disagree","Neutral","Neutral","Disagree","Neutral","6–7 hours","Average","Always","4","Listening to music / entertainment","Not Effective","Every 1 hour","No","7","Rarely","4","To some extent","Nothing","Better time management guidance"
"2026/04/16 12:31:21 PM GMT+5:30","I voluntarily agree to participate in this survey and understand that my responses will be used only for academic analysis.","Undergraduate","Offline","Mobile Phone","2–4 hours","Entertainment (movies, gaming)","Less than 1 hour","Neutral","Neutral","Neutral","Neutral","Neutral","Neutral","Neutral","Neutral","Less than 5 hours","Average","Occasionally","3","Physical exercise","Somewhat Effective","Every 1 hour","No","3","Sometimes","3","To some extent","Nothing ","More interactive/offline sessions"
"2026/04/16 12:32:06 PM GMT+5:30","I voluntarily agree to participate in this survey and understand that my responses will be used only for academic analysis.","Undergraduate","Offline","Laptop","4–6 hours","Mixed usage","More than 4 hours","Disagree","Disagree","Disagree","Disagree","Neutral","Strongly Disagree","Strongly Disagree","Strongly disagree","5–6 hours","Good","Always","2","Listening to music / entertainment","Very Effective","Every 30 minutes","Yes","3","Never","1","Not at all","Be chill, don't feel the pressure ","Better time management guidance"
"2026/04/16 12:49:34 PM GMT+5:30","I voluntarily agree to participate in this survey and understand that my responses will be used only for academic analysis.","Postgraduate","Offline","Mobile Phone","2–4 hours","Assignments / studying","1–2 hours","Strongly Agree","Strongly Agree","Strongly agree","Strongly Agree","Strongly Agree","Strongly Agree","Strongly Agree","Strongly agree","6–7 hours","Good","Often","4","Meditation / Relaxation techniques","Very Effective","Every 1 hour","Yes","7","Sometimes","3","To a great extent","","Flexible deadlines"
"2026/04/16 12:51:05 PM GMT+5:30","I voluntarily agree to participate in this survey and understand that my responses will be used only for academic analysis.","Undergraduate","Offline","Mobile Phone","4–6 hours","Mixed usage","1–2 hours","Neutral","Agree","Agree","Neutral","Agree","Agree","Agree","Agree","5–6 hours","Average","Often","4","Engaging in offline activities","Not Sure","Occasionally","Yes","8","Always","3","To some extent","","Awareness programs"
"2026/04/16 12:55:13 PM GMT+5:30","I voluntarily agree to participate in this survey and understand that my responses will be used only for academic analysis.","Postgraduate","Hybrid","Mobile Phone","2–4 hours","Social media","Less than 1 hour","Neutral","Neutral","Neutral","Neutral","Agree","Agree","Strongly Agree","Neutral","6–7 hours","Average","Always","4","Listening to music / entertainment","Very Effective","Occasionally","Yes","6","Sometimes","3","To some extent","","More interactive/offline sessions"
"2026/04/16 12:57:20 PM GMT+5:30","I voluntarily agree to participate in this survey and understand that my responses will be used only for academic analysis.","Undergraduate","Offline","Mobile Phone","4–6 hours","Social media","1–2 hours","Neutral","Disagree","Disagree","Agree","Strongly Agree","Strongly Agree","Strongly Agree","Strongly agree","Less than 5 hours","Average","Always","5","Listening to music / entertainment","Somewhat Effective","Occasionally","Yes","9","Always","5","To a great extent","","Mental health support"
"2026/04/16 1:22:35 PM GMT+5:30","I voluntarily agree to participate in this survey and understand that my responses will be used only for academic analysis.","Undergraduate","Offline","Mobile Phone","4–6 hours","Mixed usage","1–2 hours","Strongly Agree","Strongly Agree","Strongly agree","Strongly Agree","Agree","Neutral","Agree","Neutral","6–7 hours","Good","Often","4","Taking regular breaks","Somewhat Effective","Every 30 minutes","Yes","8","Often","3","To some extent","","Better time management guidance"
"2026/04/16 2:07:25 PM GMT+5:30","I voluntarily agree to participate in this survey and understand that my responses will be used only for academic analysis.","Postgraduate","Online","Laptop","6–8 hours","Mixed usage","1–2 hours","Agree","Agree","Strongly agree","Strongly Agree","Strongly Agree","Disagree","Disagree","Disagree","More than 8 hours","Average","Sometimes","3","Taking regular breaks","Very Effective","Occasionally","Yes","8","Sometimes","2","To some extent","Switching your mode of education ","Better time management guidance"
"2026/04/16 2:24:35 PM GMT+5:30","I voluntarily agree to participate in this survey and understand that my responses will be used only for academic analysis.","Undergraduate","Offline","Mobile Phone","2–4 hours","Mixed usage","Less than 1 hour","Strongly Disagree","Strongly Disagree","Strongly Disagree","Agree","Neutral","Agree","Strongly Disagree","Agree","6–7 hours","Very Good","Always","5","Meditation / Relaxation techniques","Somewhat Effective","Every 30 minutes","Yes","5","Often","4","To some extent","","Better time management guidance"
"2026/04/16 2:24:40 PM GMT+5:30","I voluntarily agree to participate in this survey and understand that my responses will be used only for academic analysis.","Postgraduate","Offline","Mobile Phone","Less than 2 hours","Mixed usage","Less than 1 hour","Neutral","Neutral","Neutral","Neutral","Neutral","Neutral","Neutral","Strongly disagree","More than 8 hours","Very Good","Always","5","I do not take any specific measures","Somewhat Effective","Every 30 minutes","Yes","6","Sometimes","1","To a great extent","","Flexible deadlines"
"2026/04/16 2:44:03 PM GMT+5:30","I voluntarily agree to participate in this survey and understand that my responses will be used only for academic analysis.","Undergraduate","Online","Mobile Phone","More than 8 hours","Mixed usage","More than 4 hours","Strongly Agree","Strongly Agree","Strongly agree","Strongly Agree","Strongly Agree","Strongly Agree","Strongly Agree","Strongly agree","6–7 hours","Poor","Always","4","I do not take any specific measures","Not Sure","Rarely / Never","Yes","10","Always","5","To a great extent","not to burden students ","Better time management guidance"
"2026/04/16 3:08:27 PM GMT+5:30","I voluntarily agree to participate in this survey and understand that my responses will be used only for academic analysis.","Postgraduate","Online","Mobile Phone","2–4 hours","Mixed usage","1–2 hours","Neutral","Disagree","Disagree","Agree","Neutral","Disagree","Agree","Agree","6–7 hours","Very Good","Often","4","Physical exercise","Somewhat Effective","Every 30 minutes","Yes","8","Rarely","3","Very little","Workout","Flexible deadlines"
"2026/04/16 3:35:56 PM GMT+5:30","I voluntarily agree to participate in this survey and understand that my responses will be used only for academic analysis.","Undergraduate","Online","Tablet","4–6 hours","Online learning (classes, lectures)","2–4 hours","Neutral","Agree","Agree","Disagree","Strongly Agree","Neutral","Agree","Agree","5–6 hours","Poor","Often","4","Listening to music / entertainment","Somewhat Effective","Occasionally","Maybe","9","Often","3","To some extent","Calculated breaks that improves mood.
","Better time management guidance"
"2026/04/16 3:40:20 PM GMT+5:30","I voluntarily agree to participate in this survey and understand that my responses will be used only for academic analysis.","Postgraduate","Online","Mobile Phone","6–8 hours","Mixed usage","1–2 hours","Disagree","Disagree","Disagree","Neutral","Neutral","Agree","Neutral","Neutral","5–6 hours","Good","Often","3","Physical exercise","Very Effective","Occasionally","Yes","5","Sometimes","3","To some extent","To focus on productive time and do physical exercise also + reduce screen timing ","Better time management guidance"
"2026/04/16 3:52:39 PM GMT+5:30","I voluntarily agree to participate in this survey and understand that my responses will be used only for academic analysis.","Postgraduate","Offline","Mobile Phone","More than 8 hours","Mixed usage","More than 4 hours","Strongly Agree","Strongly Agree","Strongly agree","Agree","Agree","Agree","Agree","Neutral","6–7 hours","Good","Always","4","Listening to music / entertainment","Somewhat Effective","Every 1 hour","Yes","7","Sometimes","2","Very little","NA","More interactive/offline sessions"
"2026/04/16 4:09:08 PM GMT+5:30","I voluntarily agree to participate in this survey and understand that my responses will be used only for academic analysis.","Undergraduate","Offline","Mobile Phone","More than 8 hours","Mixed usage","Less than 1 hour","Neutral","Neutral","Neutral","Agree","Agree","Agree","Strongly Agree","Agree","6–7 hours","Average","Always","3","Taking regular breaks","Somewhat Effective","Occasionally","Yes","5","Always","4","To some extent","","Reduced screen time in classes"
"2026/04/16 4:46:43 PM GMT+5:30","I voluntarily agree to participate in this survey and understand that my responses will be used only for academic analysis.","Undergraduate","Offline","Mobile Phone","More than 8 hours","Mixed usage","2–4 hours","Strongly Agree","Strongly Agree","Strongly agree","Agree","Agree","Agree","Agree","Agree","5–6 hours","Poor","Sometimes","4","I do not take any specific measures","Not Sure","Occasionally","Yes","8","Often","3","To a great extent","","Flexible deadlines"
"2026/04/16 5:40:07 PM GMT+5:30","I voluntarily agree to participate in this survey and understand that my responses will be used only for academic analysis.","Undergraduate","Offline","Mobile Phone","More than 8 hours","Entertainment (movies, gaming)","Less than 1 hour","Neutral","Agree","Agree","Neutral","Strongly Agree","Agree","Agree","Agree","6–7 hours","Good","Sometimes","4","Reducing screen time","Very Effective","Occasionally","Yes","10","Often","4","To some extent","More offline activities ","Awareness programs"
"2026/04/16 6:04:45 PM GMT+5:30","I voluntarily agree to participate in this survey and understand that my responses will be used only for academic analysis.","Undergraduate","Offline","Mobile Phone","6–8 hours","Mixed usage","2–4 hours","Neutral","Neutral","Neutral","Agree","Agree","Agree","Agree","Agree","6–7 hours","Average","Always","3","I do not take any specific measures","Not Sure","Rarely / Never","Yes","9","Often","4","To a great extent","","Better time management guidance"
"2026/04/16 6:32:05 PM GMT+5:30","I voluntarily agree to participate in this survey and understand that my responses will be used only for academic analysis.","Undergraduate","Offline","Mobile Phone","4–6 hours","Social media","2–4 hours","Strongly Agree","Strongly Agree","Strongly agree","Strongly Agree","Disagree","Disagree","Agree","Disagree","More than 8 hours","Very Good","Always","4","Engaging in offline activities","Very Effective","Occasionally","Yes","3","Sometimes","1","To a great extent","Stop doomscrolling and engage with world","More interactive/offline sessions"
"2026/04/16 7:28:05 PM GMT+5:30","I voluntarily agree to participate in this survey and understand that my responses will be used only for academic analysis.","Postgraduate","Hybrid","Mobile Phone","6–8 hours","Mixed usage","2–4 hours","Strongly Agree","Strongly Agree","Strongly agree","Agree","Neutral","Agree","Neutral","Neutral","More than 8 hours","Average","Always","4","Engaging in offline activities","Very Effective","Every 1 hour","Yes","8","Sometimes","3","To some extent","","More interactive/offline sessions"
"2026/04/16 8:22:08 PM GMT+5:30","I voluntarily agree to participate in this survey and understand that my responses will be used only for academic analysis.","Undergraduate","Offline","Mobile Phone","6–8 hours","Mixed usage","1–2 hours","Agree","Disagree","Neutral","Disagree","Neutral","Disagree","Agree","Neutral","More than 8 hours","Average","Often","2","Physical exercise","Very Effective","Every 30 minutes","Yes","5","Sometimes","3","To some extent","","More interactive/offline sessions"
"2026/04/16 10:57:03 PM GMT+5:30","I voluntarily agree to participate in this survey and understand that my responses will be used only for academic analysis.","Undergraduate","Online","Laptop","More than 8 hours","Online learning (classes, lectures)","More than 4 hours","Agree","Neutral","Neutral","Neutral","Disagree","Disagree","Neutral","Neutral","More than 8 hours","Average","Sometimes","2","Meditation / Relaxation techniques","Somewhat Effective","Occasionally","Yes","2","Sometimes","1","To some extent","","Better time management guidance"
"2026/04/17 9:10:01 AM GMT+5:30","I voluntarily agree to participate in this survey and understand that my responses will be used only for academic analysis.","Undergraduate","Offline","Mobile Phone","6–8 hours","Online learning (classes, lectures)","Less than 1 hour","Strongly Agree","Strongly Agree","Strongly agree","Strongly Agree","Strongly Agree","Strongly Agree","Neutral","Disagree","6–7 hours","Average","Always","5","Listening to music / entertainment","Somewhat Effective","Rarely / Never","Yes","10","Often","1","To a great extent","Should do physical activities more ","Flexible deadlines"
"2026/04/17 2:03:10 PM GMT+5:30","I voluntarily agree to participate in this survey and understand that my responses will be used only for academic analysis.","Undergraduate","Offline","Laptop","More than 8 hours","Online learning (classes, lectures)","1–2 hours","Agree","Agree","Neutral","Strongly Agree","Neutral","Agree","Neutral","Neutral","Less than 5 hours","Average","Always","5","Engaging in offline activities","Somewhat Effective","Rarely / Never","Maybe","7","Sometimes","4","To some extent","Don’t try to eliminate screens (that’s unrealistic), but control how you use them.","Flexible deadlines"
"2026/04/20 4:00:43 PM GMT+5:30","I voluntarily agree to participate in this survey and understand that my responses will be used only for academic analysis.","Undergraduate","Offline","Mobile Phone","4–6 hours","Mixed usage","Less than 1 hour","Strongly Disagree","Strongly Disagree","Strongly Disagree","Strongly Disagree","Disagree","Strongly Disagree","Strongly Disagree","Strongly disagree","5–6 hours","Very Good","Always","1","I do not take any specific measures","Very Effective","Occasionally","Yes","6","Rarely","3","Not at all","No","Flexible deadlines"
"2026/04/20 5:34:20 PM GMT+5:30","I voluntarily agree to participate in this survey and understand that my responses will be used only for academic analysis.","Undergraduate","Offline","Mobile Phone","6–8 hours","Mixed usage","2–4 hours","Strongly Agree","Agree","Agree","Strongly Agree","Strongly Agree","Strongly Agree","Agree","Agree","5–6 hours","Average","Always","5","Listening to music / entertainment","Not Sure","Occasionally","Yes","10","Always","3","To some extent","","Better time management guidance"
"2026/04/20 9:57:16 PM GMT+5:30","I voluntarily agree to participate in this survey and understand that my responses will be used only for academic analysis.","Postgraduate","Offline","Mobile Phone","4–6 hours","Mixed usage","Less than 1 hour","Agree","Agree","Agree","Agree","Agree","Agree","Strongly Agree","Strongly agree","5–6 hours","Poor","Often","4","Listening to music / entertainment","Very Effective","Every 1 hour","Yes","8","Always","2","To a great extent","","Mental health support"
"2026/04/20 10:16:17 PM GMT+5:30","I voluntarily agree to participate in this survey and understand that my responses will be used only for academic analysis.","Postgraduate","Hybrid","Laptop","More than 8 hours","Online learning (classes, lectures)","2–4 hours","Strongly Agree","Agree","Agree","Agree","Agree","Agree","Agree","Neutral","5–6 hours","Poor","Occasionally","5","Taking regular breaks","Somewhat Effective","Every 30 minutes","No","9","Often","2","Very little","NA","Reduced screen time in classes"
"2026/04/21 8:20:08 PM GMT+5:30","I voluntarily agree to participate in this survey and understand that my responses will be used only for academic analysis.","Undergraduate","Offline","Mobile Phone","More than 8 hours","Social media","1–2 hours","Strongly Disagree","Strongly Disagree","Strongly Disagree","Strongly Disagree","Strongly Disagree","Strongly Agree","Strongly Disagree","Strongly disagree","More than 8 hours","Very Good","Sometimes","1","Physical exercise","Very Effective","Every 1 hour","Maybe","5","Sometimes","3","Very little","Na","Reduced screen time in classes"
"2026/04/22 9:43:32 PM GMT+5:30","I voluntarily agree to participate in this survey and understand that my responses will be used only for academic analysis.","Postgraduate","Offline","Mobile Phone","4–6 hours","Mixed usage","1–2 hours","Neutral","Neutral","Agree","Agree","Agree","Agree","Agree","Agree","6–7 hours","Good","Sometimes","2","Reducing screen time","Very Effective","Occasionally","Yes","7","Often","4","To some extent",".","Flexible deadlines"
"2026/04/22 9:44:10 PM GMT+5:30","I voluntarily agree to participate in this survey and understand that my responses will be used only for academic analysis.","Postgraduate","Offline","Mobile Phone","More than 8 hours","Mixed usage","More than 4 hours","Strongly Agree","Strongly Agree","Agree","Agree","Agree","Agree","Neutral","Disagree","Less than 5 hours","Poor","Always","4","Listening to music / entertainment","Somewhat Effective","Rarely / Never","Yes","7","Sometimes","5","Very little","","Better time management guidance"
"2026/04/22 9:44:53 PM GMT+5:30","I voluntarily agree to participate in this survey and understand that my responses will be used only for academic analysis.","Postgraduate","Offline","Mobile Phone","2–4 hours","Mixed usage","Less than 1 hour","Neutral","Neutral","Neutral","Agree","Agree","Disagree","Neutral","Disagree","5–6 hours","Average","Always","4","Listening to music / entertainment","Somewhat Effective","Occasionally","Yes","4","Sometimes","3","To some extent","","More interactive/offline sessions"
"2026/04/22 9:49:56 PM GMT+5:30","I voluntarily agree to participate in this survey and understand that my responses will be used only for academic analysis.","Undergraduate","Offline","Mobile Phone","4–6 hours","Mixed usage","1–2 hours","Strongly Agree","Agree","Strongly agree","Neutral","Neutral","Neutral","Strongly Agree","Agree","5–6 hours","Average","Sometimes","5","Listening to music / entertainment","Somewhat Effective","Occasionally","Yes","10","Sometimes","2","To some extent","","Mental health support"
"2026/04/22 9:53:44 PM GMT+5:30","I voluntarily agree to participate in this survey and understand that my responses will be used only for academic analysis.","Postgraduate","Offline","Mobile Phone","4–6 hours","Social media","1–2 hours","Strongly Agree","Strongly Agree","Strongly agree","Strongly Agree","Strongly Agree","Strongly Agree","Strongly Agree","Strongly agree","6–7 hours","Average","Often","5","Engaging in offline activities","Somewhat Effective","Occasionally","No","10","Sometimes","3","To a great extent","","Flexible deadlines"
"2026/04/22 9:54:52 PM GMT+5:30","I voluntarily agree to participate in this survey and understand that my responses will be used only for academic analysis.","Undergraduate","Offline","Mobile Phone","2–4 hours","Mixed usage","1–2 hours","Neutral","Disagree","Neutral","Neutral","Agree","Disagree","Disagree","Neutral","More than 8 hours","Very Good","Often","3","Listening to music / entertainment","Very Effective","Every 1 hour","Yes","7","Often","1","To some extent","","Mental health support"
"2026/04/22 9:55:40 PM GMT+5:30","I voluntarily agree to participate in this survey and understand that my responses will be used only for academic analysis.","Undergraduate","Online","Mobile Phone","More than 8 hours","Entertainment (movies, gaming)","More than 4 hours","Strongly Disagree","Strongly Disagree","Strongly Disagree","Strongly Disagree","Strongly Agree","Strongly Agree","Strongly Agree","Strongly agree","Less than 5 hours","Average","Always","5","Physical exercise","Very Effective","Rarely / Never","Maybe","10","Always","5","Not at all","Party bc","Better time management guidance"
"2026/04/22 9:56:38 PM GMT+5:30","I voluntarily agree to participate in this survey and understand that my responses will be used only for academic analysis.","Undergraduate","Offline","Mobile Phone","4–6 hours","Mixed usage","2–4 hours","Neutral","Agree","Agree","Agree","Agree","Neutral","Strongly Agree","Neutral","6–7 hours","Good","Always","5","Listening to music / entertainment","Very Effective","Every 1 hour","Yes","6","Often","2","To a great extent","can reduce digital fatigue and academic burnout by Regular breaks between lectures, flexible deadlines during busy periods, and fewer unnecessary assignments can also help. Students should be encouraged to maintain proper sleep, exercise, and limit non essential screen time. Mental health support such as counseling sessions and stress management workshops would also be very helpful.","Mental health support"
"2026/04/22 9:58:46 PM GMT+5:30","I voluntarily agree to participate in this survey and understand that my responses will be used only for academic analysis.","Undergraduate","Offline","Mobile Phone","2–4 hours","Mixed usage","Less than 1 hour","Neutral","Neutral","Agree","Neutral","Agree","Agree","Agree","Agree","More than 8 hours","Average","Always","4","Engaging in offline activities","Very Effective","Occasionally","Yes","2","Sometimes","3","To some extent","Relationships can be the majour reason to use digital devices and stress as well so stay away of those things and focus on studies automatically screen time will reduce","Better time management guidance"
"2026/04/22 10:02:05 PM GMT+5:30","I voluntarily agree to participate in this survey and understand that my responses will be used only for academic analysis.","Undergraduate","Online","Laptop","4–6 hours","Assignments / studying","1–2 hours","Agree","Agree","Agree","Agree","Neutral","Agree","Agree","Agree","6–7 hours","Good","Sometimes","3","Physical exercise","Somewhat Effective","Every 30 minutes","No","7","Often","2","Very little","","Flexible deadlines"
"2026/04/22 10:06:35 PM GMT+5:30","I voluntarily agree to participate in this survey and understand that my responses will be used only for academic analysis.","Postgraduate","Online","Laptop","6–8 hours","Online learning (classes, lectures)","More than 4 hours","Agree","Agree","Agree","Agree","Agree","Agree","Agree","Agree","5–6 hours","Average","Always","4","Listening to music / entertainment","Not Sure","Every 30 minutes","Yes","9","Always","3","To a great extent","","Flexible deadlines"
"2026/04/22 10:15:58 PM GMT+5:30","I voluntarily agree to participate in this survey and understand that my responses will be used only for academic analysis.","Undergraduate","Online","Laptop","2–4 hours","Online learning (classes, lectures)","Less than 1 hour","Agree","Agree","Agree","Agree","Agree","Agree","Agree","Agree","6–7 hours","Average","Always","5","Engaging in offline activities","Very Effective","Every 1 hour","Yes","7","Rarely","4","Very little","","Mental health support"
"2026/04/22 10:15:58 PM GMT+5:30","I voluntarily agree to participate in this survey and understand that my responses will be used only for academic analysis.","Undergraduate","Offline","Mobile Phone","6–8 hours","Assignments / studying","Less than 1 hour","Neutral","Agree","Agree","Neutral","Agree","Agree","Agree","Strongly agree","More than 8 hours","Good","Always","3","Listening to music / entertainment","Somewhat Effective","Every 1 hour","No","8","Often","3","To some extent","","Mental health support"
"2026/04/22 10:23:37 PM GMT+5:30","I voluntarily agree to participate in this survey and understand that my responses will be used only for academic analysis.","Undergraduate","Offline","Mobile Phone","6–8 hours","Social media","1–2 hours","Agree","Agree","Agree","Agree","Agree","Agree","Strongly Agree","Neutral","5–6 hours","Good","Always","3","Listening to music / entertainment","Very Effective","Every 1 hour","Yes","6","Sometimes","3","To some extent","","Reduced screen time in classes"
"2026/04/22 10:37:19 PM GMT+5:30","I voluntarily agree to participate in this survey and understand that my responses will be used only for academic analysis.","Undergraduate","Online","Mobile Phone","2–4 hours","Entertainment (movies, gaming)","2–4 hours","Neutral","Neutral","Agree","Agree","Agree","Agree","Neutral","Neutral","6–7 hours","Average","Always","3","Engaging in offline activities","Somewhat Effective","Occasionally","Maybe","5","Sometimes","3","To some extent","Play offline games","Mental health support"
"2026/04/22 10:46:06 PM GMT+5:30","I voluntarily agree to participate in this survey and understand that my responses will be used only for academic analysis.","Undergraduate","Hybrid","Laptop","More than 8 hours","Mixed usage","Less than 1 hour","Disagree","Disagree","Disagree","Neutral","Disagree","Neutral","Disagree","Agree","6–7 hours","Poor","Always","4","I do not take any specific measures","Not Effective","Occasionally","Yes","8","Rarely","4","Very little","Eat good","Awareness programs"
"2026/04/22 10:55:14 PM GMT+5:30","I voluntarily agree to participate in this survey and understand that my responses will be used only for academic analysis.","Undergraduate","Offline","Mobile Phone","Less than 2 hours","Mixed usage","Less than 1 hour","Agree","Agree","Agree","Agree","Agree","Agree","Agree","Agree","More than 8 hours","Average","Always","3","Engaging in offline activities","Somewhat Effective","Occasionally","No","6","Sometimes","4","Very little","Death
","Flexible deadlines"
"2026/04/22 11:05:21 PM GMT+5:30","I voluntarily agree to participate in this survey and understand that my responses will be used only for academic analysis.","Postgraduate","Offline","Mobile Phone","4–6 hours","Mixed usage","2–4 hours","Agree","Agree","Agree","Agree","Neutral","Neutral","Agree","Neutral","6–7 hours","Average","Always","5","Taking regular breaks","Somewhat Effective","Every 1 hour","Yes","7","Sometimes","4","Very little","Nothing ","Better time management guidance"
"2026/04/22 11:21:12 PM GMT+5:30","I voluntarily agree to participate in this survey and understand that my responses will be used only for academic analysis.","Undergraduate","Offline","Mobile Phone","4–6 hours","Social media","1–2 hours","Disagree","Agree","Neutral","Neutral","Disagree","Neutral","Agree","Neutral","5–6 hours","Average","Occasionally","2","Physical exercise","Somewhat Effective","Occasionally","No","10","Often","3","To a great extent","","Flexible deadlines"
"2026/04/22 11:40:48 PM GMT+5:30","I voluntarily agree to participate in this survey and understand that my responses will be used only for academic analysis.","Postgraduate","Offline","Mobile Phone","4–6 hours","Mixed usage","1–2 hours","Neutral","Neutral","Neutral","Neutral","Neutral","Neutral","Neutral","Neutral","5–6 hours","Good","Occasionally","3","Physical exercise","Somewhat Effective","Every 1 hour","No","5","Sometimes","3","To some extent","","Flexible deadlines"
"2026/04/23 12:24:07 AM GMT+5:30","I voluntarily agree to participate in this survey and understand that my responses will be used only for academic analysis.","Postgraduate","Offline","Mobile Phone","4–6 hours","Social media","1–2 hours","Strongly Agree","Agree","Strongly agree","Strongly Agree","Strongly Agree","Agree","Agree","Agree","Less than 5 hours","Average","Always","5","Engaging in offline activities","Somewhat Effective","Every 30 minutes","Yes","7","Sometimes","4","To some extent","","Mental health support"
"2026/04/23 6:09:30 AM GMT+5:30","I voluntarily agree to participate in this survey and understand that my responses will be used only for academic analysis.","Undergraduate","Offline","Laptop","4–6 hours","Assignments / studying","2–4 hours","Agree","Strongly Disagree","Agree","Strongly Agree","Agree","Neutral","Strongly Agree","Strongly agree","5–6 hours","Average","Sometimes","4","Engaging in offline activities","Somewhat Effective","Occasionally","Yes","8","Often","4","To some extent","Reduce screen time","Better time management guidance"
"2026/04/23 7:43:29 AM GMT+5:30","I voluntarily agree to participate in this survey and understand that my responses will be used only for academic analysis.","Undergraduate","Offline","Mobile Phone","6–8 hours","Assignments / studying","2–4 hours","Disagree","Disagree","Disagree","Agree","Agree","Agree","Agree","Agree","5–6 hours","Good","Often","3","Engaging in offline activities","Very Effective","Every 1 hour","Yes","8","Often","2","To some extent","","Flexible deadlines"
"2026/04/23 8:20:10 AM GMT+5:30","I voluntarily agree to participate in this survey and understand that my responses will be used only for academic analysis.","Phd","Online","Mobile Phone","4–6 hours","Mixed usage","1–2 hours","Agree","Agree","Strongly agree","Neutral","Agree","Agree","Agree","Agree","6–7 hours","Average","Always","4","Physical exercise","Very Effective","Every 1 hour","Yes","8","Often","3","To some extent","Less reliant on digital services ","Mental health support"
"2026/04/23 10:24:09 AM GMT+5:30","I voluntarily agree to participate in this survey and understand that my responses will be used only for academic analysis.","Undergraduate","Offline","Mobile Phone","6–8 hours","Mixed usage","1–2 hours","Agree","Disagree","Agree","Strongly Agree","Agree","Agree","Agree","Strongly agree","5–6 hours","Poor","Always","4","Physical exercise","Somewhat Effective","Occasionally","Yes","6","Often","4","To a great extent","","Flexible deadlines"
"2026/04/23 10:25:25 AM GMT+5:30","I voluntarily agree to participate in this survey and understand that my responses will be used only for academic analysis.","Undergraduate","Offline","Mobile Phone","2–4 hours","Mixed usage","1–2 hours","Strongly Disagree","Strongly Disagree","Strongly Disagree","Strongly Disagree","Agree","Agree","Agree","Agree","5–6 hours","Very Good","Occasionally","3","Physical exercise","Very Effective","Every 1 hour","No","4","Often","3","To some extent",".","More interactive/offline sessions"
"2026/04/23 10:35:25 AM GMT+5:30","I voluntarily agree to participate in this survey and understand that my responses will be used only for academic analysis.","Postgraduate","Offline","Laptop","More than 8 hours","Mixed usage","More than 4 hours","Strongly Disagree","Strongly Disagree","Neutral","Agree","Strongly Agree","Disagree","Neutral","Disagree","6–7 hours","Good","Always","4","I do not take any specific measures","Not Sure","Every 30 minutes","Yes","7","Rarely","5","Not at all","maintain an equilibrium between screen usage and offline work, take frequent rests; reduce screen usage during personal time","Better time management guidance"
"2026/04/23 11:34:41 AM GMT+5:30","I voluntarily agree to participate in this survey and understand that my responses will be used only for academic analysis.","Undergraduate","Offline","Mobile Phone","4–6 hours","Mixed usage","2–4 hours","Agree","Neutral","Agree","Neutral","Agree","Agree","Neutral","Neutral","6–7 hours","Good","Always","3","Physical exercise","Somewhat Effective","Every 1 hour","Yes","3","Sometimes","3","To some extent","Focus more on physical fitness and mental well being","Mental health support"
"2026/04/24 9:19:37 AM GMT+5:30","I voluntarily agree to participate in this survey and understand that my responses will be used only for academic analysis.","Postgraduate","Offline","Mobile Phone","4–6 hours","Social media","2–4 hours","Agree","Agree","Agree","Neutral","Neutral","Agree","Agree","Agree","Less than 5 hours","Average","Sometimes","4","Physical exercise","Somewhat Effective","Every 1 hour","Yes","4","Sometimes","3","To some extent","","Flexible deadlines"
"2026/04/24 6:49:00 PM GMT+5:30","I voluntarily agree to participate in this survey and understand that my responses will be used only for academic analysis.","Postgraduate","Offline","Mobile Phone","More than 8 hours","Mixed usage","2–4 hours","Agree","Agree","Neutral","Neutral","Agree","Disagree","Neutral","Neutral","6–7 hours","Average","Sometimes","5","Reducing screen time","Not Sure","Occasionally","Yes","5","Rarely","3","Very little","","Reduced screen time in classes"